,cidade,cod_ibge_cidade,datahora,semana_epidemiologica,populacao_estimada,populacao_estimada_2019,eh_ultimo,eh_repetido,ultimo_disponivel_confirmado,ultimo_disponivel_confirmado_por_100mil_habitantes,ultimo_disponivel_datahora,ultimo_disponivel_taxa_mortalidade,ultimo disponivel obitos,ordem_por_lugar,tipo_de_lugar,estado,casos_novos,obitos_novos,mes,dia,ano,casos_acumulados
1300681,Curitiba,4106902.0,2020-03-12,202011,1948626.0,1933105.0,False,False,5,0.25659,2020-03-12,0.0,0,1,cidade,PR,5,0,3,12,2020,5
1300684,Curitiba,4106902.0,2020-03-13,202011,1948626.0,1933105.0,False,False,5,0.25659,2020-03-13,0.0,0,2,cidade,PR,0,0,3,13,2020,5
1300687,Curitiba,4106902.0,2020-03-14,202011,1948626.0,1933105.0,False,True,5,0.25659,2020-03-13,0.0,0,3,cidade,PR,0,0,3,14,2020,5
1300690,Curitiba,4106902.0,2020-03-15,202012,1948626.0,1933105.0,False,True,5,0.25659,2020-03-13,0.0,0,4,cidade,PR,0,0,3,15,2020,5
1300693,Curitiba,4106902.0,2020-03-16,202012,1948626.0,1933105.0,False,False,5,0.25659,2020-03-16,0.0,0,5,cidade,PR,0,0,3,16,2020,5
1300697,Curitiba,4106902.0,2020-03-17,202012,1948626.0,1933105.0,False,False,7,0.35923,2020-03-17,0.0,0,6,cidade,PR,2,0,3,17,2020,7
1300703,Curitiba,4106902.0,2020-03-18,202012,1948626.0,1933105.0,False,False,8,0.41055,2020-03-18,0.0,0,7,cidade,PR,1,0,3,18,2020,8
1300711,Curitiba,4106902.0,2020-03-19,202012,1948626.0,1933105.0,False,False,17,0.87241,2020-03-19,0.0,0,8,cidade,PR,9,0,3,19,2020,17
1300719,Curitiba,4106902.0,2020-03-20,202012,1948626.0,1933105.0,False,False,27,1.3855899999999999,2020-03-20,0.0,0,9,cidade,PR,10,0,3,20,2020,27
1300728,Curitiba,4106902.0,2020-03-21,202012,1948626.0,1933105.0,False,False,31,1.59086,2020-03-21,0.0,0,10,cidade,PR,4,0,3,21,2020,31
1300741,Curitiba,4106902.0,2020-03-22,202013,1948626.0,1933105.0,False,False,31,1.59086,2020-03-22,0.0,0,11,cidade,PR,0,0,3,22,2020,31
1300756,Curitiba,4106902.0,2020-03-23,202013,1948626.0,1933105.0,False,False,34,1.74482,2020-03-23,0.0,0,12,cidade,PR,3,0,3,23,2020,34
1300771,Curitiba,4106902.0,2020-03-24,202013,1948626.0,1933105.0,False,False,40,2.05273,2020-03-24,0.0,0,13,cidade,PR,6,0,3,24,2020,40
1300789,Curitiba,4106902.0,2020-03-25,202013,1948626.0,1933105.0,False,False,60,3.0790900000000003,2020-03-25,0.0,0,14,cidade,PR,20,0,3,25,2020,60
1300808,Curitiba,4106902.0,2020-03-26,202013,1948626.0,1933105.0,False,False,66,3.387,2020-03-26,0.0,0,15,cidade,PR,6,0,3,26,2020,66
1300827,Curitiba,4106902.0,2020-03-27,202013,1948626.0,1933105.0,False,False,71,3.64359,2020-03-27,0.0,0,16,cidade,PR,5,0,3,27,2020,71
1300850,Curitiba,4106902.0,2020-03-28,202013,1948626.0,1933105.0,False,False,74,3.79755,2020-03-28,0.0,0,17,cidade,PR,3,0,3,28,2020,74
1300877,Curitiba,4106902.0,2020-03-29,202014,1948626.0,1933105.0,False,False,73,3.74623,2020-03-29,0.0,0,18,cidade,PR,-1,0,3,29,2020,73
1300910,Curitiba,4106902.0,2020-03-30,202014,1948626.0,1933105.0,False,False,77,3.9515,2020-03-30,0.0,0,19,cidade,PR,4,0,3,30,2020,77
1300945,Curitiba,4106902.0,2020-03-31,202014,1948626.0,1933105.0,False,False,87,4.46468,2020-03-31,0.0,0,20,cidade,PR,10,0,3,31,2020,87
1300988,Curitiba,4106902.0,2020-04-01,202014,1948626.0,1933105.0,False,False,97,4.977869999999999,2020-04-01,0.0,0,21,cidade,PR,10,0,4,1,2020,97
1301035,Curitiba,4106902.0,2020-04-02,202014,1948626.0,1933105.0,False,False,99,5.0805,2020-04-02,0.0,0,22,cidade,PR,2,0,4,2,2020,99
1301091,Curitiba,4106902.0,2020-04-03,202014,1948626.0,1933105.0,False,False,114,5.850280000000001,2020-04-03,0.0,0,23,cidade,PR,15,0,4,3,2020,114
1301150,Curitiba,4106902.0,2020-04-04,202014,1948626.0,1933105.0,False,False,153,7.85169,2020-04-04,0.0,0,24,cidade,PR,39,0,4,4,2020,153
1301215,Curitiba,4106902.0,2020-04-05,202015,1948626.0,1933105.0,False,False,172,8.82673,2020-04-05,0.0,0,25,cidade,PR,19,0,4,5,2020,172
1301283,Curitiba,4106902.0,2020-04-06,202015,1948626.0,1933105.0,False,False,175,8.98069,2020-04-06,0.0171,3,26,cidade,PR,3,3,4,6,2020,175
1301352,Curitiba,4106902.0,2020-04-07,202015,1948626.0,1933105.0,False,False,194,9.95573,2020-04-07,0.0155,3,27,cidade,PR,19,0,4,7,2020,194
1301423,Curitiba,4106902.0,2020-04-08,202015,1948626.0,1933105.0,False,False,205,10.52023,2020-04-08,0.0146,3,28,cidade,PR,11,0,4,8,2020,205
1301498,Curitiba,4106902.0,2020-04-09,202015,1948626.0,1933105.0,False,False,237,12.16242,2020-04-09,0.0211,5,29,cidade,PR,32,2,4,9,2020,237
1301574,Curitiba,4106902.0,2020-04-10,202015,1948626.0,1933105.0,False,False,251,12.88087,2020-04-10,0.0199,5,30,cidade,PR,14,0,4,10,2020,251
1301652,Curitiba,4106902.0,2020-04-11,202015,1948626.0,1933105.0,False,False,279,14.317779999999999,2020-04-11,0.0179,5,31,cidade,PR,28,0,4,11,2020,279
1301730,Curitiba,4106902.0,2020-04-12,202016,1948626.0,1933105.0,False,False,302,15.4981,2020-04-12,0.0199,6,32,cidade,PR,23,1,4,12,2020,302
1301811,Curitiba,4106902.0,2020-04-13,202016,1948626.0,1933105.0,False,False,299,15.34415,2020-04-13,0.0201,6,33,cidade,PR,-3,0,4,13,2020,299
1301893,Curitiba,4106902.0,2020-04-14,202016,1948626.0,1933105.0,False,False,302,15.4981,2020-04-14,0.0232,7,34,cidade,PR,3,1,4,14,2020,302
1301980,Curitiba,4106902.0,2020-04-15,202016,1948626.0,1933105.0,False,False,306,15.703370000000001,2020-04-15,0.0261,8,35,cidade,PR,4,1,4,15,2020,306
1302067,Curitiba,4106902.0,2020-04-16,202016,1948626.0,1933105.0,False,False,320,16.42183,2020-04-16,0.025,8,36,cidade,PR,14,0,4,16,2020,320
1302156,Curitiba,4106902.0,2020-04-17,202016,1948626.0,1933105.0,False,False,335,17.1916,2020-04-17,0.0239,8,37,cidade,PR,15,0,4,17,2020,335
1302247,Curitiba,4106902.0,2020-04-18,202016,1948626.0,1933105.0,False,False,346,17.7561,2020-04-18,0.026,9,38,cidade,PR,11,1,4,18,2020,346
1302347,Curitiba,4106902.0,2020-04-19,202017,1948626.0,1933105.0,False,False,360,18.47456,2020-04-19,0.025,9,39,cidade,PR,14,0,4,19,2020,360
1302453,Curitiba,4106902.0,2020-04-20,202017,1948626.0,1933105.0,False,False,369,18.936420000000002,2020-04-20,0.0244,9,40,cidade,PR,9,0,4,20,2020,369
1302562,Curitiba,4106902.0,2020-04-21,202017,1948626.0,1933105.0,False,False,373,19.14169,2020-04-21,0.0295,11,41,cidade,PR,4,2,4,21,2020,373
1302673,Curitiba,4106902.0,2020-04-22,202017,1948626.0,1933105.0,False,False,380,19.50092,2020-04-22,0.0368,14,42,cidade,PR,7,3,4,22,2020,380
1302787,Curitiba,4106902.0,2020-04-23,202017,1948626.0,1933105.0,False,False,389,19.96278,2020-04-23,0.036,14,43,cidade,PR,9,0,4,23,2020,389
1302903,Curitiba,4106902.0,2020-04-24,202017,1948626.0,1933105.0,False,False,397,20.37333,2020-04-24,0.0353,14,44,cidade,PR,8,0,4,24,2020,397
1303021,Curitiba,4106902.0,2020-04-25,202017,1948626.0,1933105.0,False,False,401,20.5786,2020-04-25,0.0349,14,45,cidade,PR,4,0,4,25,2020,401
1303139,Curitiba,4106902.0,2020-04-26,202018,1948626.0,1933105.0,False,False,404,20.73256,2020-04-26,0.0396,16,46,cidade,PR,3,2,4,26,2020,404
1303259,Curitiba,4106902.0,2020-04-27,202018,1948626.0,1933105.0,False,False,414,21.245739999999998,2020-04-27,0.0386,16,47,cidade,PR,10,0,4,27,2020,414
1303381,Curitiba,4106902.0,2020-04-28,202018,1948626.0,1933105.0,False,False,426,21.86156,2020-04-28,0.0399,17,48,cidade,PR,12,1,4,28,2020,426
1303508,Curitiba,4106902.0,2020-04-29,202018,1948626.0,1933105.0,False,False,434,22.2721,2020-04-29,0.0392,17,49,cidade,PR,8,0,4,29,2020,434
1303638,Curitiba,4106902.0,2020-04-30,202018,1948626.0,1933105.0,False,False,444,22.78529,2020-04-30,0.045,20,50,cidade,PR,10,3,4,30,2020,444
1303771,Curitiba,4106902.0,2020-05-01,202018,1948626.0,1933105.0,False,False,453,23.24715,2020-05-01,0.0508,23,51,cidade,PR,9,3,5,1,2020,453
1303906,Curitiba,4106902.0,2020-05-02,202018,1948626.0,1933105.0,False,False,467,23.9656,2020-05-02,0.0493,23,52,cidade,PR,14,0,5,2,2020,467
1304042,Curitiba,4106902.0,2020-05-03,202019,1948626.0,1933105.0,False,False,470,24.11956,2020-05-03,0.0489,23,53,cidade,PR,3,0,5,3,2020,470
1304179,Curitiba,4106902.0,2020-05-04,202019,1948626.0,1933105.0,False,False,485,24.889329999999998,2020-05-04,0.0474,23,54,cidade,PR,15,0,5,4,2020,485
1304317,Curitiba,4106902.0,2020-05-05,202019,1948626.0,1933105.0,False,False,491,25.19724,2020-05-05,0.053,26,55,cidade,PR,6,3,5,5,2020,491
1304458,Curitiba,4106902.0,2020-05-06,202019,1948626.0,1933105.0,False,False,500,25.659110000000002,2020-05-06,0.052,26,56,cidade,PR,9,0,5,6,2020,500
1304601,Curitiba,4106902.0,2020-05-07,202019,1948626.0,1933105.0,False,False,506,25.967010000000002,2020-05-07,0.0534,27,57,cidade,PR,6,1,5,7,2020,506
1304746,Curitiba,4106902.0,2020-05-08,202019,1948626.0,1933105.0,False,False,514,26.37756,2020-05-08,0.0545,28,58,cidade,PR,8,1,5,8,2020,514
1304896,Curitiba,4106902.0,2020-05-09,202019,1948626.0,1933105.0,False,False,541,27.76315,2020-05-09,0.0536,29,59,cidade,PR,27,1,5,9,2020,541
1305050,Curitiba,4106902.0,2020-05-10,202020,1948626.0,1933105.0,False,False,553,28.378970000000002,2020-05-10,0.0524,29,60,cidade,PR,12,0,5,10,2020,553
1305206,Curitiba,4106902.0,2020-05-11,202020,1948626.0,1933105.0,False,False,554,28.430290000000003,2020-05-11,0.0523,29,61,cidade,PR,1,0,5,11,2020,554
1305364,Curitiba,4106902.0,2020-05-12,202020,1948626.0,1933105.0,False,False,557,28.58424,2020-05-12,0.0521,29,62,cidade,PR,3,0,5,12,2020,557
1305526,Curitiba,4106902.0,2020-05-13,202020,1948626.0,1933105.0,False,False,571,29.3027,2020-05-13,0.0525,30,63,cidade,PR,14,1,5,13,2020,571
1305692,Curitiba,4106902.0,2020-05-14,202020,1948626.0,1933105.0,False,False,582,29.8672,2020-05-14,0.0533,31,64,cidade,PR,11,1,5,14,2020,582
1305863,Curitiba,4106902.0,2020-05-15,202020,1948626.0,1933105.0,False,False,607,31.15015,2020-05-15,0.0527,32,65,cidade,PR,25,1,5,15,2020,607
1306040,Curitiba,4106902.0,2020-05-16,202020,1948626.0,1933105.0,False,False,629,32.27915,2020-05-16,0.0525,33,66,cidade,PR,22,1,5,16,2020,629
1306220,Curitiba,4106902.0,2020-05-17,202021,1948626.0,1933105.0,False,False,639,32.79234,2020-05-17,0.0516,33,67,cidade,PR,10,0,5,17,2020,639
1306401,Curitiba,4106902.0,2020-05-18,202021,1948626.0,1933105.0,False,False,642,32.946290000000005,2020-05-18,0.053,34,68,cidade,PR,3,1,5,18,2020,642
1306586,Curitiba,4106902.0,2020-05-19,202021,1948626.0,1933105.0,False,False,648,33.2542,2020-05-19,0.0525,34,69,cidade,PR,6,0,5,19,2020,648
1306777,Curitiba,4106902.0,2020-05-20,202021,1948626.0,1933105.0,False,False,677,34.74243,2020-05-20,0.0502,34,70,cidade,PR,29,0,5,20,2020,677
1306975,Curitiba,4106902.0,2020-05-21,202021,1948626.0,1933105.0,False,False,711,36.48725,2020-05-21,0.0492,35,71,cidade,PR,34,1,5,21,2020,711
1307181,Curitiba,4106902.0,2020-05-22,202021,1948626.0,1933105.0,False,False,728,37.35966,2020-05-22,0.0481,35,72,cidade,PR,17,0,5,22,2020,728
1307389,Curitiba,4106902.0,2020-05-23,202021,1948626.0,1933105.0,False,False,751,38.53998,2020-05-23,0.0479,36,73,cidade,PR,23,1,5,23,2020,751
1307604,Curitiba,4106902.0,2020-05-24,202022,1948626.0,1933105.0,False,False,778,39.92557,2020-05-24,0.0463,36,74,cidade,PR,27,0,5,24,2020,778
1307820,Curitiba,4106902.0,2020-05-25,202022,1948626.0,1933105.0,False,False,790,40.54139,2020-05-25,0.0456,36,75,cidade,PR,12,0,5,25,2020,790
1308041,Curitiba,4106902.0,2020-05-26,202022,1948626.0,1933105.0,False,False,816,41.875659999999996,2020-05-26,0.0453,37,76,cidade,PR,26,1,5,26,2020,816
1308271,Curitiba,4106902.0,2020-05-27,202022,1948626.0,1933105.0,False,False,852,43.72312,2020-05-27,0.0434,37,77,cidade,PR,36,0,5,27,2020,852
1308505,Curitiba,4106902.0,2020-05-28,202022,1948626.0,1933105.0,False,False,904,46.391659999999995,2020-05-28,0.0431,39,78,cidade,PR,52,2,5,28,2020,904
1308742,Curitiba,4106902.0,2020-05-29,202022,1948626.0,1933105.0,False,False,921,47.264070000000004,2020-05-29,0.0456,42,79,cidade,PR,17,3,5,29,2020,921
1308985,Curitiba,4106902.0,2020-05-30,202022,1948626.0,1933105.0,False,False,945,48.495709999999995,2020-05-30,0.0497,47,80,cidade,PR,24,5,5,30,2020,945
1309236,Curitiba,4106902.0,2020-05-31,202023,1948626.0,1933105.0,False,False,984,50.49712,2020-05-31,0.0478,47,81,cidade,PR,39,0,5,31,2020,984
1309491,Curitiba,4106902.0,2020-06-01,202023,1948626.0,1933105.0,False,False,1005,51.5748,2020-06-01,0.0488,49,82,cidade,PR,21,2,6,1,2020,1005
1309752,Curitiba,4106902.0,2020-06-02,202023,1948626.0,1933105.0,False,False,1028,52.75512,2020-06-02,0.0496,51,83,cidade,PR,23,2,6,2,2020,1028
1310019,Curitiba,4106902.0,2020-06-03,202023,1948626.0,1933105.0,False,False,1099,56.398709999999994,2020-06-03,0.0482,53,84,cidade,PR,71,2,6,3,2020,1099
1310286,Curitiba,4106902.0,2020-06-04,202023,1948626.0,1933105.0,False,False,1143,58.65671999999999,2020-06-04,0.0464,53,85,cidade,PR,44,0,6,4,2020,1143
1310555,Curitiba,4106902.0,2020-06-05,202023,1948626.0,1933105.0,False,False,1230,63.1214,2020-06-05,0.0447,55,86,cidade,PR,87,2,6,5,2020,1230
1310833,Curitiba,4106902.0,2020-06-06,202023,1948626.0,1933105.0,False,False,1264,64.86622,2020-06-06,0.0427,54,87,cidade,PR,34,-1,6,6,2020,1264
1311111,Curitiba,4106902.0,2020-06-07,202024,1948626.0,1933105.0,False,False,1312,67.32949,2020-06-07,0.0434,57,88,cidade,PR,48,3,6,7,2020,1312
1311396,Curitiba,4106902.0,2020-06-08,202024,1948626.0,1933105.0,False,False,1322,67.84267,2020-06-08,0.0439,58,89,cidade,PR,10,1,6,8,2020,1322
1311683,Curitiba,4106902.0,2020-06-09,202024,1948626.0,1933105.0,False,False,1357,69.63880999999999,2020-06-09,0.0457,62,90,cidade,PR,35,4,6,9,2020,1357
1311973,Curitiba,4106902.0,2020-06-10,202024,1948626.0,1933105.0,False,False,1420,72.87186,2020-06-10,0.0472,67,91,cidade,PR,63,5,6,10,2020,1420
1312269,Curitiba,4106902.0,2020-06-11,202024,1948626.0,1933105.0,False,False,1541,79.08136,2020-06-11,0.0435,67,92,cidade,PR,121,0,6,11,2020,1541
1312569,Curitiba,4106902.0,2020-06-12,202024,1948626.0,1933105.0,False,False,1579,81.03145,2020-06-12,0.0475,75,93,cidade,PR,38,8,6,12,2020,1579
1312871,Curitiba,4106902.0,2020-06-13,202024,1948626.0,1933105.0,False,False,1676,86.00932,2020-06-13,0.0453,76,94,cidade,PR,97,1,6,13,2020,1676
1313177,Curitiba,4106902.0,2020-06-14,202025,1948626.0,1933105.0,False,False,1736,89.08841,2020-06-14,0.0449,78,95,cidade,PR,60,2,6,14,2020,1736
1313484,Curitiba,4106902.0,2020-06-15,202025,1948626.0,1933105.0,False,False,1770,90.83323,2020-06-15,0.0446,79,96,cidade,PR,34,1,6,15,2020,1770
1313794,Curitiba,4106902.0,2020-06-16,202025,1948626.0,1933105.0,False,False,1898,97.40196,2020-06-16,0.0437,83,97,cidade,PR,128,4,6,16,2020,1898
1314108,Curitiba,4106902.0,2020-06-17,202025,1948626.0,1933105.0,False,False,1945,99.81392,2020-06-17,0.0463,90,98,cidade,PR,47,7,6,17,2020,1945
1314425,Curitiba,4106902.0,2020-06-18,202025,1948626.0,1933105.0,False,False,2060,105.71551000000001,2020-06-18,0.0461,95,99,cidade,PR,115,5,6,18,2020,2060
1314744,Curitiba,4106902.0,2020-06-19,202025,1948626.0,1933105.0,False,False,2253,115.61993000000001,2020-06-19,0.0435,98,100,cidade,PR,193,3,6,19,2020,2253
1315065,Curitiba,4106902.0,2020-06-20,202025,1948626.0,1933105.0,False,False,2375,121.88075,2020-06-20,0.0417,99,101,cidade,PR,122,1,6,20,2020,2375
1315393,Curitiba,4106902.0,2020-06-21,202026,1948626.0,1933105.0,False,False,2487,127.62839,2020-06-21,0.0414,103,102,cidade,PR,112,4,6,21,2020,2487
1315725,Curitiba,4106902.0,2020-06-22,202026,1948626.0,1933105.0,False,False,2666,136.81435,2020-06-22,0.0413,110,103,cidade,PR,179,7,6,22,2020,2666
1316058,Curitiba,4106902.0,2020-06-23,202026,1948626.0,1933105.0,False,False,2757,141.48431000000002,2020-06-23,0.0424,117,104,cidade,PR,91,7,6,23,2020,2757
1316393,Curitiba,4106902.0,2020-06-24,202026,1948626.0,1933105.0,False,False,2968,152.31245,2020-06-24,0.0404,120,105,cidade,PR,211,3,6,24,2020,2968
1316731,Curitiba,4106902.0,2020-06-25,202026,1948626.0,1933105.0,False,False,3093,158.72723,2020-06-25,0.0394,122,106,cidade,PR,125,2,6,25,2020,3093
1317073,Curitiba,4106902.0,2020-06-26,202026,1948626.0,1933105.0,False,False,3208,164.62882,2020-06-26,0.0399,128,107,cidade,PR,115,6,6,26,2020,3208
1317419,Curitiba,4106902.0,2020-06-27,202026,1948626.0,1933105.0,False,False,3438,176.43201000000002,2020-06-27,0.0375,129,108,cidade,PR,230,1,6,27,2020,3438
1317768,Curitiba,4106902.0,2020-06-28,202027,1948626.0,1933105.0,False,False,3696,189.67211,2020-06-28,0.0363,134,109,cidade,PR,258,5,6,28,2020,3696
1318119,Curitiba,4106902.0,2020-06-29,202027,1948626.0,1933105.0,False,False,3874,198.80675,2020-06-29,0.0359,139,110,cidade,PR,178,5,6,29,2020,3874
1318474,Curitiba,4106902.0,2020-06-30,202027,1948626.0,1933105.0,False,False,4115,211.17444,2020-06-30,0.0352,145,111,cidade,PR,241,6,6,30,2020,4115
1318834,Curitiba,4106902.0,2020-07-01,202027,1948626.0,1933105.0,False,False,4454,228.57131,2020-07-01,0.0326,145,112,cidade,PR,339,0,7,1,2020,4454
1319198,Curitiba,4106902.0,2020-07-02,202027,1948626.0,1933105.0,False,False,4828,247.76432000000003,2020-07-02,0.0331,160,113,cidade,PR,374,15,7,2,2020,4828
1319564,Curitiba,4106902.0,2020-07-03,202027,1948626.0,1933105.0,False,False,5154,264.49406,2020-07-03,0.0318,164,114,cidade,PR,326,4,7,3,2020,5154
1319932,Curitiba,4106902.0,2020-07-04,202027,1948626.0,1933105.0,False,False,5828,299.08252999999996,2020-07-04,0.0288,168,115,cidade,PR,674,4,7,4,2020,5828
1320303,Curitiba,4106902.0,2020-07-05,202028,1948626.0,1933105.0,False,False,6084,312.22,2020-07-05,0.0294,179,116,cidade,PR,256,11,7,5,2020,6084
1320675,Curitiba,4106902.0,2020-07-06,202028,1948626.0,1933105.0,False,False,6443,330.64322999999996,2020-07-06,0.0281,181,117,cidade,PR,359,2,7,6,2020,6443
1321051,Curitiba,4106902.0,2020-07-07,202028,1948626.0,1933105.0,False,False,6692,343.42147,2020-07-07,0.0281,188,118,cidade,PR,249,7,7,7,2020,6692
1321433,Curitiba,4106902.0,2020-07-08,202028,1948626.0,1933105.0,False,False,7250,372.05703,2020-07-08,0.0274,199,119,cidade,PR,558,11,7,8,2020,7250
1321833,Curitiba,4106902.0,2020-07-09,202028,1948626.0,1933105.0,False,False,7707,395.50945,2020-07-09,0.0269,207,120,cidade,PR,457,8,7,9,2020,7707
1322233,Curitiba,4106902.0,2020-07-10,202028,1948626.0,1933105.0,False,False,8431,432.66384000000005,2020-07-10,0.0249,210,121,cidade,PR,724,3,7,10,2020,8431
1322633,Curitiba,4106902.0,2020-07-11,202028,1948626.0,1933105.0,False,False,8690,445.95525,2020-07-11,0.0262,228,122,cidade,PR,259,18,7,11,2020,8690
1323034,Curitiba,4106902.0,2020-07-12,202029,1948626.0,1933105.0,False,False,9158,469.97218,2020-07-12,0.0268,245,123,cidade,PR,468,17,7,12,2020,9158
1323435,Curitiba,4106902.0,2020-07-13,202029,1948626.0,1933105.0,False,False,9329,478.74759000000006,2020-07-13,0.0281,262,124,cidade,PR,171,17,7,13,2020,9329
1323836,Curitiba,4106902.0,2020-07-14,202029,1948626.0,1933105.0,False,False,9532,489.16519000000005,2020-07-14,0.0299,285,125,cidade,PR,203,23,7,14,2020,9532
1324237,Curitiba,4106902.0,2020-07-15,202029,1948626.0,1933105.0,False,False,10147,520.72589,2020-07-15,0.0302,306,126,cidade,PR,615,21,7,15,2020,10147
1324638,Curitiba,4106902.0,2020-07-16,202029,1948626.0,1933105.0,False,False,10804,554.44195,2020-07-16,0.0292,315,127,cidade,PR,657,9,7,16,2020,10804
1325039,Curitiba,4106902.0,2020-07-17,202029,1948626.0,1933105.0,False,False,11338,581.84587,2020-07-17,0.0297,337,128,cidade,PR,534,22,7,17,2020,11338
1325440,Curitiba,4106902.0,2020-07-18,202029,1948626.0,1933105.0,False,False,11822,606.68389,2020-07-18,0.029,343,129,cidade,PR,484,6,7,18,2020,11822
1325841,Curitiba,4106902.0,2020-07-19,202030,1948626.0,1933105.0,False,False,12195,625.82558,2020-07-19,0.0291,355,130,cidade,PR,373,12,7,19,2020,12195
1326242,Curitiba,4106902.0,2020-07-20,202030,1948626.0,1933105.0,False,False,12283,630.34158,2020-07-20,0.0294,361,131,cidade,PR,88,6,7,20,2020,12283
1326643,Curitiba,4106902.0,2020-07-21,202030,1948626.0,1933105.0,False,False,12464,639.63018,2020-07-21,0.031,386,132,cidade,PR,181,25,7,21,2020,12464
1327044,Curitiba,4106902.0,2020-07-22,202030,1948626.0,1933105.0,False,False,13162,675.45029,2020-07-22,0.0307,404,133,cidade,PR,698,18,7,22,2020,13162
1327445,Curitiba,4106902.0,2020-07-23,202030,1948626.0,1933105.0,False,False,13784,707.37022,2020-07-23,0.0307,423,134,cidade,PR,622,19,7,23,2020,13784
1327846,Curitiba,4106902.0,2020-07-24,202030,1948626.0,1933105.0,False,False,14324,735.08205,2020-07-24,0.0311,445,135,cidade,PR,540,22,7,24,2020,14324
1328247,Curitiba,4106902.0,2020-07-25,202030,1948626.0,1933105.0,False,False,14796,759.30425,2020-07-25,0.0314,464,136,cidade,PR,472,19,7,25,2020,14796
1328648,Curitiba,4106902.0,2020-07-26,202031,1948626.0,1933105.0,False,False,14796,759.30425,2020-07-26,0.0319,472,137,cidade,PR,0,8,7,26,2020,14796
1329049,Curitiba,4106902.0,2020-07-27,202031,1948626.0,1933105.0,False,False,15272,783.73172,2020-07-27,0.0316,482,138,cidade,PR,476,10,7,27,2020,15272
1329450,Curitiba,4106902.0,2020-07-28,202031,1948626.0,1933105.0,False,False,15627,801.94968,2020-07-28,0.0318,497,139,cidade,PR,355,15,7,28,2020,15627
1329851,Curitiba,4106902.0,2020-07-29,202031,1948626.0,1933105.0,False,False,15895,815.70296,2020-07-29,0.0325,517,140,cidade,PR,268,20,7,29,2020,15895
1330252,Curitiba,4106902.0,2020-07-30,202031,1948626.0,1933105.0,False,False,16472,845.3135699999999,2020-07-30,0.0321,528,141,cidade,PR,577,11,7,30,2020,16472
1330653,Curitiba,4106902.0,2020-07-31,202031,1948626.0,1933105.0,False,False,17806,913.77206,2020-07-31,0.0312,555,142,cidade,PR,1334,27,7,31,2020,17806
1331054,Curitiba,4106902.0,2020-08-01,202031,1948626.0,1933105.0,False,False,18213,934.6585699999999,2020-08-01,0.0317,578,143,cidade,PR,407,23,8,1,2020,18213
1331455,Curitiba,4106902.0,2020-08-02,202032,1948626.0,1933105.0,False,False,18511,949.9514,2020-08-02,0.0322,596,144,cidade,PR,298,18,8,2,2020,18511
1331856,Curitiba,4106902.0,2020-08-03,202032,1948626.0,1933105.0,False,False,18764,962.93491,2020-08-03,0.0327,613,145,cidade,PR,253,17,8,3,2020,18764
1332257,Curitiba,4106902.0,2020-08-04,202032,1948626.0,1933105.0,False,False,19088,979.56201,2020-08-04,0.0334,638,146,cidade,PR,324,25,8,4,2020,19088
1332658,Curitiba,4106902.0,2020-08-05,202032,1948626.0,1933105.0,False,False,19618,1006.7606599999999,2020-08-05,0.0331,650,147,cidade,PR,530,12,8,5,2020,19618
1333059,Curitiba,4106902.0,2020-08-06,202032,1948626.0,1933105.0,False,False,20361,1044.89009,2020-08-06,0.0328,667,148,cidade,PR,743,17,8,6,2020,20361
1333460,Curitiba,4106902.0,2020-08-07,202032,1948626.0,1933105.0,False,False,20629,1058.64337,2020-08-07,0.0329,678,149,cidade,PR,268,11,8,7,2020,20629
1333861,Curitiba,4106902.0,2020-08-08,202032,1948626.0,1933105.0,False,False,21115,1083.58402,2020-08-08,0.0328,692,150,cidade,PR,486,14,8,8,2020,21115
1334262,Curitiba,4106902.0,2020-08-09,202033,1948626.0,1933105.0,False,False,21426,1099.5439900000001,2020-08-09,0.033,707,151,cidade,PR,311,15,8,9,2020,21426
1334663,Curitiba,4106902.0,2020-08-10,202033,1948626.0,1933105.0,False,False,21703,1113.7591300000001,2020-08-10,0.0334,724,152,cidade,PR,277,17,8,10,2020,21703
1335064,Curitiba,4106902.0,2020-08-11,202033,1948626.0,1933105.0,False,False,22036,1130.8481,2020-08-11,0.0333,734,153,cidade,PR,333,10,8,11,2020,22036
1335465,Curitiba,4106902.0,2020-08-12,202033,1948626.0,1933105.0,False,False,22498,1154.55711,2020-08-12,0.0333,750,154,cidade,PR,462,16,8,12,2020,22498
1335866,Curitiba,4106902.0,2020-08-13,202033,1948626.0,1933105.0,False,False,22926,1176.5213,2020-08-13,0.0335,768,155,cidade,PR,428,18,8,13,2020,22926
1336267,Curitiba,4106902.0,2020-08-14,202033,1948626.0,1933105.0,False,False,23415,1201.61591,2020-08-14,0.0332,777,156,cidade,PR,489,9,8,14,2020,23415
1336668,Curitiba,4106902.0,2020-08-15,202033,1948626.0,1933105.0,False,False,23879,1225.4275599999999,2020-08-15,0.0336,802,157,cidade,PR,464,25,8,15,2020,23879
1337069,Curitiba,4106902.0,2020-08-16,202034,1948626.0,1933105.0,False,False,24091,1236.30702,2020-08-16,0.0339,816,158,cidade,PR,212,14,8,16,2020,24091
1337470,Curitiba,4106902.0,2020-08-17,202034,1948626.0,1933105.0,False,False,24166,1240.15588,2020-08-17,0.0341,823,159,cidade,PR,75,7,8,17,2020,24166
1337871,Curitiba,4106902.0,2020-08-18,202034,1948626.0,1933105.0,False,False,24389,1251.59985,2020-08-18,0.0343,837,160,cidade,PR,223,14,8,18,2020,24389
1338272,Curitiba,4106902.0,2020-08-19,202034,1948626.0,1933105.0,False,False,24852,1275.3601800000001,2020-08-19,0.0338,839,161,cidade,PR,463,2,8,19,2020,24852
1338673,Curitiba,4106902.0,2020-08-20,202034,1948626.0,1933105.0,False,False,25339,1300.35215,2020-08-20,0.0346,877,162,cidade,PR,487,38,8,20,2020,25339
1339074,Curitiba,4106902.0,2020-08-21,202034,1948626.0,1933105.0,False,False,25555,1311.43688,2020-08-21,0.0347,886,163,cidade,PR,216,9,8,21,2020,25555
1339475,Curitiba,4106902.0,2020-08-22,202034,1948626.0,1933105.0,False,False,25963,1332.37471,2020-08-22,0.0345,896,164,cidade,PR,408,10,8,22,2020,25963
1339876,Curitiba,4106902.0,2020-08-23,202035,1948626.0,1933105.0,False,False,26168,1342.8949400000001,2020-08-23,0.0345,902,165,cidade,PR,205,6,8,23,2020,26168
1340277,Curitiba,4106902.0,2020-08-24,202035,1948626.0,1933105.0,False,False,26204,1344.7424,2020-08-24,0.0348,911,166,cidade,PR,36,9,8,24,2020,26204
1340678,Curitiba,4106902.0,2020-08-25,202035,1948626.0,1933105.0,False,False,26640,1367.11714,2020-08-25,0.0346,923,167,cidade,PR,436,12,8,25,2020,26640
1341079,Curitiba,4106902.0,2020-08-26,202035,1948626.0,1933105.0,False,False,27067,1389.03001,2020-08-26,0.0343,929,168,cidade,PR,427,6,8,26,2020,27067
1341480,Curitiba,4106902.0,2020-08-27,202035,1948626.0,1933105.0,False,False,27400,1406.11898,2020-08-27,0.0344,943,169,cidade,PR,333,14,8,27,2020,27400
1341881,Curitiba,4106902.0,2020-08-28,202035,1948626.0,1933105.0,False,False,27829,1428.1344900000001,2020-08-28,0.0344,956,170,cidade,PR,429,13,8,28,2020,27829
1342282,Curitiba,4106902.0,2020-08-29,202035,1948626.0,1933105.0,False,False,28391,1456.97533,2020-08-29,0.0341,969,171,cidade,PR,562,13,8,29,2020,28391
1342683,Curitiba,4106902.0,2020-08-30,202036,1948626.0,1933105.0,False,False,28643,1469.90751,2020-08-30,0.0341,977,172,cidade,PR,252,8,8,30,2020,28643
1343084,Curitiba,4106902.0,2020-08-31,202036,1948626.0,1933105.0,False,False,28713,1473.49979,2020-08-31,0.0343,985,173,cidade,PR,70,8,8,31,2020,28713
1343485,Curitiba,4106902.0,2020-09-01,202036,1948626.0,1933105.0,False,False,29072,1491.9230300000002,2020-09-01,0.0343,997,174,cidade,PR,359,12,9,1,2020,29072
1343886,Curitiba,4106902.0,2020-09-02,202036,1948626.0,1933105.0,False,False,29542,1516.04259,2020-09-02,0.0343,1012,175,cidade,PR,470,15,9,2,2020,29542
1344287,Curitiba,4106902.0,2020-09-03,202036,1948626.0,1933105.0,False,False,30067,1542.98465,2020-09-03,0.0344,1034,176,cidade,PR,525,22,9,3,2020,30067
1344688,Curitiba,4106902.0,2020-09-04,202036,1948626.0,1933105.0,False,False,30467,1563.5119300000001,2020-09-04,0.0344,1047,177,cidade,PR,400,13,9,4,2020,30467
1345089,Curitiba,4106902.0,2020-09-05,202036,1948626.0,1933105.0,False,False,30881,1584.75767,2020-09-05,0.0342,1057,178,cidade,PR,414,10,9,5,2020,30881
1345490,Curitiba,4106902.0,2020-09-06,202037,1948626.0,1933105.0,False,False,31215,1601.89795,2020-09-06,0.0341,1063,179,cidade,PR,334,6,9,6,2020,31215
1345891,Curitiba,4106902.0,2020-09-07,202037,1948626.0,1933105.0,False,False,31409,1611.8536900000001,2020-09-07,0.0342,1075,180,cidade,PR,194,12,9,7,2020,31409
1346292,Curitiba,4106902.0,2020-09-08,202037,1948626.0,1933105.0,False,False,31534,1618.26846,2020-09-08,0.0343,1081,181,cidade,PR,125,6,9,8,2020,31534
1346693,Curitiba,4106902.0,2020-09-09,202037,1948626.0,1933105.0,False,False,31709,1627.24915,2020-09-09,0.0345,1093,182,cidade,PR,175,12,9,9,2020,31709
1347094,Curitiba,4106902.0,2020-09-10,202037,1948626.0,1933105.0,False,False,32077,1646.13425,2020-09-10,0.0344,1104,183,cidade,PR,368,11,9,10,2020,32077
1347495,Curitiba,4106902.0,2020-09-11,202037,1948626.0,1933105.0,False,False,32458,1665.68649,2020-09-11,0.0343,1114,184,cidade,PR,381,10,9,11,2020,32458
1347896,Curitiba,4106902.0,2020-09-12,202037,1948626.0,1933105.0,False,False,33039,1695.50237,2020-09-12,0.034,1122,185,cidade,PR,581,8,9,12,2020,33039
1348297,Curitiba,4106902.0,2020-09-13,202038,1948626.0,1933105.0,False,False,33243,1705.97128,2020-09-13,0.0339,1128,186,cidade,PR,204,6,9,13,2020,33243
1348698,Curitiba,4106902.0,2020-09-14,202038,1948626.0,1933105.0,False,False,33311,1709.46092,2020-09-14,0.034,1131,187,cidade,PR,68,3,9,14,2020,33311
1349099,Curitiba,4106902.0,2020-09-15,202038,1948626.0,1933105.0,False,False,33480,1718.1337,2020-09-15,0.0343,1147,188,cidade,PR,169,16,9,15,2020,33480
1349500,Curitiba,4106902.0,2020-09-16,202038,1948626.0,1933105.0,False,False,33958,1742.6638100000002,2020-09-16,0.0341,1158,189,cidade,PR,478,11,9,16,2020,33958
1349901,Curitiba,4106902.0,2020-09-17,202038,1948626.0,1933105.0,False,False,34491,1770.0164100000002,2020-09-17,0.034,1171,190,cidade,PR,533,13,9,17,2020,34491
1350302,Curitiba,4106902.0,2020-09-18,202038,1948626.0,1933105.0,False,False,34879,1789.9278800000002,2020-09-18,0.0337,1176,191,cidade,PR,388,5,9,18,2020,34879
1350703,Curitiba,4106902.0,2020-09-19,202038,1948626.0,1933105.0,False,False,35171,1804.9127899999999,2020-09-19,0.0336,1183,192,cidade,PR,292,7,9,19,2020,35171
1351104,Curitiba,4106902.0,2020-09-20,202039,1948626.0,1933105.0,False,False,35384,1815.84357,2020-09-20,0.0335,1185,193,cidade,PR,213,2,9,20,2020,35384
1351505,Curitiba,4106902.0,2020-09-21,202039,1948626.0,1933105.0,False,False,35409,1817.12653,2020-09-21,0.0338,1197,194,cidade,PR,25,12,9,21,2020,35409
1351906,Curitiba,4106902.0,2020-09-22,202039,1948626.0,1933105.0,False,False,35838,1839.14204,2020-09-22,0.0337,1207,195,cidade,PR,429,10,9,22,2020,35838
1352307,Curitiba,4106902.0,2020-09-23,202039,1948626.0,1933105.0,False,False,36201,1857.77055,2020-09-23,0.0337,1219,196,cidade,PR,363,12,9,23,2020,36201
1352708,Curitiba,4106902.0,2020-09-24,202039,1948626.0,1933105.0,False,False,36488,1872.49888,2020-09-24,0.0337,1229,197,cidade,PR,287,10,9,24,2020,36488
1353109,Curitiba,4106902.0,2020-09-25,202039,1948626.0,1933105.0,False,False,36635,1880.04266,2020-09-25,0.0338,1239,198,cidade,PR,147,10,9,25,2020,36635
1353510,Curitiba,4106902.0,2020-09-26,202039,1948626.0,1933105.0,False,False,37157,1906.83076,2020-09-26,0.0336,1248,199,cidade,PR,522,9,9,26,2020,37157
1353911,Curitiba,4106902.0,2020-09-27,202040,1948626.0,1933105.0,False,False,37247,1911.4494,2020-09-27,0.0337,1254,200,cidade,PR,90,6,9,27,2020,37247
1354312,Curitiba,4106902.0,2020-09-28,202040,1948626.0,1933105.0,False,False,37363,1917.4023100000002,2020-09-28,0.0336,1256,201,cidade,PR,116,2,9,28,2020,37363
1354713,Curitiba,4106902.0,2020-09-29,202040,1948626.0,1933105.0,False,False,37621,1930.6424100000002,2020-09-29,0.0337,1266,202,cidade,PR,258,10,9,29,2020,37621
1355114,Curitiba,4106902.0,2020-09-30,202040,1948626.0,1933105.0,False,False,37924,1946.19183,2020-09-30,0.0336,1274,203,cidade,PR,303,8,9,30,2020,37924
1355515,Curitiba,4106902.0,2020-10-01,202040,1948626.0,1933105.0,False,False,38216,1961.17675,2020-10-01,0.0337,1286,204,cidade,PR,292,12,10,1,2020,38216
1355916,Curitiba,4106902.0,2020-10-02,202040,1948626.0,1933105.0,False,False,38449,1973.1338899999998,2020-10-02,0.0336,1291,205,cidade,PR,233,5,10,2,2020,38449
1356317,Curitiba,4106902.0,2020-10-03,202040,1948626.0,1933105.0,False,False,38810,1991.6597600000002,2020-10-03,0.0334,1297,206,cidade,PR,361,6,10,3,2020,38810
1356718,Curitiba,4106902.0,2020-10-04,202041,1948626.0,1933105.0,False,False,38855,1993.96908,2020-10-04,0.0335,1301,207,cidade,PR,45,4,10,4,2020,38855
1357119,Curitiba,4106902.0,2020-10-05,202041,1948626.0,1933105.0,False,False,38897,1996.12445,2020-10-05,0.0335,1303,208,cidade,PR,42,2,10,5,2020,38897
1357520,Curitiba,4106902.0,2020-10-06,202041,1948626.0,1933105.0,False,False,39197,2011.5199100000002,2020-10-06,0.0335,1315,209,cidade,PR,300,12,10,6,2020,39197
1357921,Curitiba,4106902.0,2020-10-07,202041,1948626.0,1933105.0,False,False,39668,2035.6907899999999,2020-10-07,0.0332,1318,210,cidade,PR,471,3,10,7,2020,39668
1358322,Curitiba,4106902.0,2020-10-08,202041,1948626.0,1933105.0,False,False,39684,2036.51188,2020-10-08,0.0332,1318,211,cidade,PR,16,0,10,8,2020,39684
1358723,Curitiba,4106902.0,2020-10-09,202041,1948626.0,1933105.0,False,False,39700,2037.33297,2020-10-09,0.0335,1328,212,cidade,PR,16,10,10,9,2020,39700
1359124,Curitiba,4106902.0,2020-10-10,202041,1948626.0,1933105.0,False,False,39747,2039.74493,2020-10-10,0.0336,1334,213,cidade,PR,47,6,10,10,2020,39747
1359525,Curitiba,4106902.0,2020-10-11,202042,1948626.0,1933105.0,False,False,39769,2040.87393,2020-10-11,0.0337,1339,214,cidade,PR,22,5,10,11,2020,39769
1359926,Curitiba,4106902.0,2020-10-12,202042,1948626.0,1933105.0,False,False,39830,2044.00434,2020-10-12,0.0338,1347,215,cidade,PR,61,8,10,12,2020,39830
1360327,Curitiba,4106902.0,2020-10-13,202042,1948626.0,1933105.0,False,False,39834,2044.20961,2020-10-13,0.0338,1348,216,cidade,PR,4,1,10,13,2020,39834
1360728,Curitiba,4106902.0,2020-10-14,202042,1948626.0,1933105.0,False,False,39848,2044.92807,2020-10-14,0.034,1353,217,cidade,PR,14,5,10,14,2020,39848
1361129,Curitiba,4106902.0,2020-10-15,202042,1948626.0,1933105.0,False,False,39863,2045.6978399999998,2020-10-15,0.0342,1363,218,cidade,PR,15,10,10,15,2020,39863
1361530,Curitiba,4106902.0,2020-10-16,202042,1948626.0,1933105.0,False,False,39924,2048.82825,2020-10-16,0.0343,1369,219,cidade,PR,61,6,10,16,2020,39924
1361931,Curitiba,4106902.0,2020-10-17,202042,1948626.0,1933105.0,False,False,40023,2053.90875,2020-10-17,0.0343,1372,220,cidade,PR,99,3,10,17,2020,40023
1362332,Curitiba,4106902.0,2020-10-18,202043,1948626.0,1933105.0,False,False,40090,2057.34707,2020-10-18,0.0342,1373,221,cidade,PR,67,1,10,18,2020,40090
1362733,Curitiba,4106902.0,2020-10-19,202043,1948626.0,1933105.0,False,False,40128,2059.29717,2020-10-19,0.0343,1376,222,cidade,PR,38,3,10,19,2020,40128
1363134,Curitiba,4106902.0,2020-10-20,202043,1948626.0,1933105.0,False,False,40193,2062.63285,2020-10-20,0.0343,1378,223,cidade,PR,65,2,10,20,2020,40193
1363535,Curitiba,4106902.0,2020-10-21,202043,1948626.0,1933105.0,False,False,40251,2065.6093100000003,2020-10-21,0.0344,1384,224,cidade,PR,58,6,10,21,2020,40251
1363936,Curitiba,4106902.0,2020-10-22,202043,1948626.0,1933105.0,False,False,40305,2068.38049,2020-10-22,0.0343,1383,225,cidade,PR,54,-1,10,22,2020,40305
1364337,Curitiba,4106902.0,2020-10-23,202043,1948626.0,1933105.0,False,False,40371,2071.7674899999997,2020-10-23,0.0344,1388,226,cidade,PR,66,5,10,23,2020,40371
1364738,Curitiba,4106902.0,2020-10-24,202043,1948626.0,1933105.0,False,False,40463,2076.48877,2020-10-24,0.0344,1392,227,cidade,PR,92,4,10,24,2020,40463
1365139,Curitiba,4106902.0,2020-10-25,202044,1948626.0,1933105.0,False,False,40507,2078.7467699999997,2020-10-25,0.0345,1397,228,cidade,PR,44,5,10,25,2020,40507
1365540,Curitiba,4106902.0,2020-10-26,202044,1948626.0,1933105.0,False,False,40549,2080.90213,2020-10-26,0.0345,1397,229,cidade,PR,42,0,10,26,2020,40549
1365941,Curitiba,4106902.0,2020-10-27,202044,1948626.0,1933105.0,False,False,40598,2083.41673,2020-10-27,0.0345,1400,230,cidade,PR,49,3,10,27,2020,40598
1366342,Curitiba,4106902.0,2020-10-28,202044,1948626.0,1933105.0,False,False,40670,2087.1116399999996,2020-10-28,0.0345,1402,231,cidade,PR,72,2,10,28,2020,40670
1366743,Curitiba,4106902.0,2020-10-29,202044,1948626.0,1933105.0,False,False,40694,2088.34327,2020-10-29,0.0346,1407,232,cidade,PR,24,5,10,29,2020,40694
1367144,Curitiba,4106902.0,2020-10-30,202044,1948626.0,1933105.0,False,False,40728,2090.0880899999997,2020-10-30,0.0345,1407,233,cidade,PR,34,0,10,30,2020,40728
1367545,Curitiba,4106902.0,2020-10-31,202044,1948626.0,1933105.0,False,True,40728,2090.0880899999997,2020-10-30,0.0345,1407,234,cidade,PR,0,0,10,31,2020,40728
1367946,Curitiba,4106902.0,2020-11-01,202045,1948626.0,1933105.0,False,False,40763,2091.88423,2020-11-01,0.0345,1407,235,cidade,PR,35,0,11,1,2020,40763
1368347,Curitiba,4106902.0,2020-11-02,202045,1948626.0,1933105.0,False,False,40767,2092.0895,2020-11-02,0.0345,1407,236,cidade,PR,4,0,11,2,2020,40767
1368748,Curitiba,4106902.0,2020-11-03,202045,1948626.0,1933105.0,False,False,40784,2092.96191,2020-11-03,0.0345,1407,237,cidade,PR,17,0,11,3,2020,40784
1369149,Curitiba,4106902.0,2020-11-04,202045,1948626.0,1933105.0,False,False,40807,2094.14223,2020-11-04,0.0345,1407,238,cidade,PR,23,0,11,4,2020,40807
1369550,Curitiba,4106902.0,2020-11-05,202045,1948626.0,1933105.0,False,False,40833,2095.4765,2020-11-05,0.0345,1407,239,cidade,PR,26,0,11,5,2020,40833
1369951,Curitiba,4106902.0,2020-11-06,202045,1948626.0,1933105.0,False,False,40859,2096.8107800000002,2020-11-06,0.0345,1411,240,cidade,PR,26,4,11,6,2020,40859
1370352,Curitiba,4106902.0,2020-11-07,202045,1948626.0,1933105.0,False,False,40911,2099.47933,2020-11-07,0.0346,1415,241,cidade,PR,52,4,11,7,2020,40911
1370753,Curitiba,4106902.0,2020-11-08,202046,1948626.0,1933105.0,False,False,40999,2103.99533,2020-11-08,0.036,1475,242,cidade,PR,88,60,11,8,2020,40999
1371154,Curitiba,4106902.0,2020-11-09,202046,1948626.0,1933105.0,False,False,41041,2106.15069,2020-11-09,0.0359,1475,243,cidade,PR,42,0,11,9,2020,41041
1371555,Curitiba,4106902.0,2020-11-10,202046,1948626.0,1933105.0,False,False,41062,2107.22838,2020-11-10,0.0359,1475,244,cidade,PR,21,0,11,10,2020,41062
1371956,Curitiba,4106902.0,2020-11-11,202046,1948626.0,1933105.0,False,False,41143,2111.38515,2020-11-11,0.0368,1516,245,cidade,PR,81,41,11,11,2020,41143
1372357,Curitiba,4106902.0,2020-11-12,202046,1948626.0,1933105.0,False,False,41234,2116.0551100000002,2020-11-12,0.0375,1545,246,cidade,PR,91,29,11,12,2020,41234
1372758,Curitiba,4106902.0,2020-11-13,202046,1948626.0,1933105.0,False,False,41857,2148.02635,2020-11-13,0.0377,1580,247,cidade,PR,623,35,11,13,2020,41857
1373159,Curitiba,4106902.0,2020-11-14,202046,1948626.0,1933105.0,False,False,41857,2148.02635,2020-11-14,0.0377,1580,248,cidade,PR,0,0,11,14,2020,41857
1373560,Curitiba,4106902.0,2020-11-15,202047,1948626.0,1933105.0,False,False,41878,2149.1040399999997,2020-11-15,0.0378,1583,249,cidade,PR,21,3,11,15,2020,41878
1373961,Curitiba,4106902.0,2020-11-16,202047,1948626.0,1933105.0,False,False,41911,2150.79754,2020-11-16,0.0378,1584,250,cidade,PR,33,1,11,16,2020,41911
1374362,Curitiba,4106902.0,2020-11-17,202047,1948626.0,1933105.0,False,False,41937,2152.1318100000003,2020-11-17,0.0378,1587,251,cidade,PR,26,3,11,17,2020,41937
1374763,Curitiba,4106902.0,2020-11-18,202047,1948626.0,1933105.0,False,False,42030,2156.9044,2020-11-18,0.0378,1588,252,cidade,PR,93,1,11,18,2020,42030
1375164,Curitiba,4106902.0,2020-11-19,202047,1948626.0,1933105.0,False,False,42087,2159.8295399999997,2020-11-19,0.0377,1588,253,cidade,PR,57,0,11,19,2020,42087
1375565,Curitiba,4106902.0,2020-11-20,202047,1948626.0,1933105.0,False,False,42172,2164.19159,2020-11-20,0.0377,1588,254,cidade,PR,85,0,11,20,2020,42172
1375966,Curitiba,4106902.0,2020-11-21,202047,1948626.0,1933105.0,False,False,42292,2170.34977,2020-11-21,0.0376,1589,255,cidade,PR,120,1,11,21,2020,42292
1376367,Curitiba,4106902.0,2020-11-22,202048,1948626.0,1933105.0,False,False,42324,2171.9919600000003,2020-11-22,0.0375,1589,256,cidade,PR,32,0,11,22,2020,42324
1376768,Curitiba,4106902.0,2020-11-23,202048,1948626.0,1933105.0,False,False,42357,2173.68546,2020-11-23,0.0377,1598,257,cidade,PR,33,9,11,23,2020,42357
1377169,Curitiba,4106902.0,2020-11-24,202048,1948626.0,1933105.0,False,False,42463,2179.1251899999997,2020-11-24,0.038,1613,258,cidade,PR,106,15,11,24,2020,42463
1377570,Curitiba,4106902.0,2020-11-25,202048,1948626.0,1933105.0,False,False,42583,2185.28337,2020-11-25,0.0382,1627,259,cidade,PR,120,14,11,25,2020,42583
1377971,Curitiba,4106902.0,2020-11-26,202048,1948626.0,1933105.0,False,False,42753,2194.00747,2020-11-26,0.0382,1635,260,cidade,PR,170,8,11,26,2020,42753
1378372,Curitiba,4106902.0,2020-11-27,202048,1948626.0,1933105.0,False,False,42915,2202.32102,2020-11-27,0.0382,1640,261,cidade,PR,162,5,11,27,2020,42915
1378773,Curitiba,4106902.0,2020-11-28,202048,1948626.0,1933105.0,False,False,42989,2206.11857,2020-11-28,0.0383,1645,262,cidade,PR,74,5,11,28,2020,42989
1379174,Curitiba,4106902.0,2020-11-29,202049,1948626.0,1933105.0,False,False,43015,2207.45284,2020-11-29,0.0383,1646,263,cidade,PR,26,1,11,29,2020,43015
1379575,Curitiba,4106902.0,2020-11-30,202049,1948626.0,1933105.0,False,False,43068,2210.1727100000003,2020-11-30,0.0384,1652,264,cidade,PR,53,6,11,30,2020,43068
1379976,Curitiba,4106902.0,2020-12-01,202049,1948626.0,1933105.0,False,False,43190,2216.4335300000002,2020-12-01,0.0384,1659,265,cidade,PR,122,7,12,1,2020,43190
1380377,Curitiba,4106902.0,2020-12-02,202049,1948626.0,1933105.0,False,False,43328,2223.5154399999997,2020-12-02,0.0383,1660,266,cidade,PR,138,1,12,2,2020,43328
1380778,Curitiba,4106902.0,2020-12-03,202049,1948626.0,1933105.0,False,False,43565,2235.6778600000002,2020-12-03,0.0386,1682,267,cidade,PR,237,22,12,3,2020,43565
1381179,Curitiba,4106902.0,2020-12-04,202049,1948626.0,1933105.0,False,False,43735,2244.40195,2020-12-04,0.0387,1691,268,cidade,PR,170,9,12,4,2020,43735
1381580,Curitiba,4106902.0,2020-12-05,202049,1948626.0,1933105.0,False,False,43894,2252.56155,2020-12-05,0.0392,1719,269,cidade,PR,159,28,12,5,2020,43894
1381981,Curitiba,4106902.0,2020-12-06,202050,1948626.0,1933105.0,False,False,43944,2255.12746,2020-12-06,0.0392,1722,270,cidade,PR,50,3,12,6,2020,43944
1382382,Curitiba,4106902.0,2020-12-07,202050,1948626.0,1933105.0,False,False,44011,2258.56578,2020-12-07,0.0392,1725,271,cidade,PR,67,3,12,7,2020,44011
1382783,Curitiba,4106902.0,2020-12-08,202050,1948626.0,1933105.0,False,False,44106,2263.44101,2020-12-08,0.0392,1728,272,cidade,PR,95,3,12,8,2020,44106
1383184,Curitiba,4106902.0,2020-12-09,202050,1948626.0,1933105.0,False,False,44255,2271.08742,2020-12-09,0.0397,1755,273,cidade,PR,149,27,12,9,2020,44255
1383585,Curitiba,4106902.0,2020-12-10,202050,1948626.0,1933105.0,False,False,44386,2277.8101100000003,2020-12-10,0.0397,1761,274,cidade,PR,131,6,12,10,2020,44386
1383986,Curitiba,4106902.0,2020-12-11,202050,1948626.0,1933105.0,False,False,44559,2286.68816,2020-12-11,0.0397,1769,275,cidade,PR,173,8,12,11,2020,44559
1384387,Curitiba,4106902.0,2020-12-12,202050,1948626.0,1933105.0,False,False,44700,2293.92403,2020-12-12,0.0396,1770,276,cidade,PR,141,1,12,12,2020,44700
1384788,Curitiba,4106902.0,2020-12-13,202051,1948626.0,1933105.0,False,False,44782,2298.1321199999998,2020-12-13,0.0395,1771,277,cidade,PR,82,1,12,13,2020,44782
1385189,Curitiba,4106902.0,2020-12-14,202051,1948626.0,1933105.0,False,False,44821,2300.13353,2020-12-14,0.0396,1773,278,cidade,PR,39,2,12,14,2020,44821
1385590,Curitiba,4106902.0,2020-12-15,202051,1948626.0,1933105.0,False,False,47596,2442.54157,2020-12-15,0.0377,1796,279,cidade,PR,2775,23,12,15,2020,47596
1385991,Curitiba,4106902.0,2020-12-16,202051,1948626.0,1933105.0,False,False,61934,3178.34207,2020-12-16,0.0295,1828,280,cidade,PR,14338,32,12,16,2020,61934
1386392,Curitiba,4106902.0,2020-12-17,202051,1948626.0,1933105.0,False,False,65097,3340.6615699999998,2020-12-17,0.0283,1842,281,cidade,PR,3163,14,12,17,2020,65097
1386793,Curitiba,4106902.0,2020-12-18,202051,1948626.0,1933105.0,False,False,66025,3388.2848700000004,2020-12-18,0.0279,1845,282,cidade,PR,928,3,12,18,2020,66025
1387194,Curitiba,4106902.0,2020-12-19,202051,1948626.0,1933105.0,False,False,66213,3397.9327,2020-12-19,0.0279,1850,283,cidade,PR,188,5,12,19,2020,66213
1387595,Curitiba,4106902.0,2020-12-20,202052,1948626.0,1933105.0,False,False,66265,3400.60124,2020-12-20,0.0283,1876,284,cidade,PR,52,26,12,20,2020,66265
1387996,Curitiba,4106902.0,2020-12-21,202052,1948626.0,1933105.0,False,False,66300,3402.39738,2020-12-21,0.0283,1876,285,cidade,PR,35,0,12,21,2020,66300
1388397,Curitiba,4106902.0,2020-12-22,202052,1948626.0,1933105.0,False,False,66366,3405.7843799999996,2020-12-22,0.0284,1884,286,cidade,PR,66,8,12,22,2020,66366
1388798,Curitiba,4106902.0,2020-12-23,202052,1948626.0,1933105.0,False,False,66564,3415.94539,2020-12-23,0.0286,1904,287,cidade,PR,198,20,12,23,2020,66564
1389199,Curitiba,4106902.0,2020-12-24,202052,1948626.0,1933105.0,False,False,73265,3759.8287200000004,2020-12-24,0.0261,1909,288,cidade,PR,6701,5,12,24,2020,73265
1389600,Curitiba,4106902.0,2020-12-25,202052,1948626.0,1933105.0,False,False,73306,3761.9327700000003,2020-12-25,0.0263,1928,289,cidade,PR,41,19,12,25,2020,73306
1390001,Curitiba,4106902.0,2020-12-26,202052,1948626.0,1933105.0,False,False,73311,3762.1893600000003,2020-12-26,0.0263,1928,290,cidade,PR,5,0,12,26,2020,73311
1390402,Curitiba,4106902.0,2020-12-27,202053,1948626.0,1933105.0,False,False,73374,3765.42241,2020-12-27,0.0263,1930,291,cidade,PR,63,2,12,27,2020,73374
1390803,Curitiba,4106902.0,2020-12-28,202053,1948626.0,1933105.0,False,False,73428,3768.19359,2020-12-28,0.0263,1931,292,cidade,PR,54,1,12,28,2020,73428
1391204,Curitiba,4106902.0,2020-12-29,202053,1948626.0,1933105.0,False,False,73564,3775.1728700000003,2020-12-29,0.0265,1951,293,cidade,PR,136,20,12,29,2020,73564
1391605,Curitiba,4106902.0,2020-12-30,202053,1948626.0,1933105.0,False,False,73713,3782.8192799999997,2020-12-30,0.0265,1955,294,cidade,PR,149,4,12,30,2020,73713
1392006,Curitiba,4106902.0,2020-12-31,202053,1948626.0,1933105.0,False,False,73822,3788.41296,2020-12-31,0.0268,1976,295,cidade,PR,109,21,12,31,2020,73822
1392407,Curitiba,4106902.0,2021-01-01,202053,1948626.0,1933105.0,False,False,73863,3790.51701,2021-01-01,0.0268,1977,296,cidade,PR,41,1,1,1,2021,73863
1392808,Curitiba,4106902.0,2021-01-02,202053,1948626.0,1933105.0,False,False,73873,3791.03019,2021-01-02,0.0268,1977,297,cidade,PR,10,0,1,2,2021,73873
1393209,Curitiba,4106902.0,2021-01-03,202101,1948626.0,1933105.0,False,False,73923,3793.5961,2021-01-03,0.0268,1983,298,cidade,PR,50,6,1,3,2021,73923
1393610,Curitiba,4106902.0,2021-01-04,202101,1948626.0,1933105.0,False,False,73949,3794.93038,2021-01-04,0.0268,1984,299,cidade,PR,26,1,1,4,2021,73949
1394011,Curitiba,4106902.0,2021-01-05,202101,1948626.0,1933105.0,False,False,74064,3800.83197,2021-01-05,0.0269,1990,300,cidade,PR,115,6,1,5,2021,74064
1394412,Curitiba,4106902.0,2021-01-06,202101,1948626.0,1933105.0,False,False,74263,3811.04429,2021-01-06,0.0269,1996,301,cidade,PR,199,6,1,6,2021,74263
1394813,Curitiba,4106902.0,2021-01-07,202101,1948626.0,1933105.0,False,False,75400,3869.3931,2021-01-07,0.0271,2047,302,cidade,PR,1137,51,1,7,2021,75400
1395214,Curitiba,4106902.0,2021-01-08,202101,1948626.0,1933105.0,False,False,75526,3875.8592,2021-01-08,0.0274,2068,303,cidade,PR,126,21,1,8,2021,75526
1395615,Curitiba,4106902.0,2021-01-09,202101,1948626.0,1933105.0,False,False,75572,3878.2198299999995,2021-01-09,0.0274,2069,304,cidade,PR,46,1,1,9,2021,75572
1396016,Curitiba,4106902.0,2021-01-10,202102,1948626.0,1933105.0,False,False,75593,3879.29752,2021-01-10,0.0274,2069,305,cidade,PR,21,0,1,10,2021,75593
1396417,Curitiba,4106902.0,2021-01-11,202102,1948626.0,1933105.0,False,False,75601,3879.70806,2021-01-11,0.0274,2069,306,cidade,PR,8,0,1,11,2021,75601
1396818,Curitiba,4106902.0,2021-01-12,202102,1948626.0,1933105.0,False,False,75821,3890.99807,2021-01-12,0.0276,2089,307,cidade,PR,220,20,1,12,2021,75821
1397219,Curitiba,4106902.0,2021-01-13,202102,1948626.0,1933105.0,False,False,75875,3893.76925,2021-01-13,0.0275,2089,308,cidade,PR,54,0,1,13,2021,75875
1397620,Curitiba,4106902.0,2021-01-14,202102,1948626.0,1933105.0,False,False,76047,3902.5959799999996,2021-01-14,0.0275,2092,309,cidade,PR,172,3,1,14,2021,76047
1398021,Curitiba,4106902.0,2021-01-15,202102,1948626.0,1933105.0,False,False,76170,3908.9081200000005,2021-01-15,0.0275,2097,310,cidade,PR,123,5,1,15,2021,76170
1398422,Curitiba,4106902.0,2021-01-16,202102,1948626.0,1933105.0,False,False,76275,3914.29654,2021-01-16,0.0275,2099,311,cidade,PR,105,2,1,16,2021,76275
1398823,Curitiba,4106902.0,2021-01-17,202103,1948626.0,1933105.0,False,False,76294,3915.2715799999996,2021-01-17,0.0275,2100,312,cidade,PR,19,1,1,17,2021,76294
1399224,Curitiba,4106902.0,2021-01-18,202103,1948626.0,1933105.0,False,False,76304,3915.78476,2021-01-18,0.0272,2078,313,cidade,PR,10,-22,1,18,2021,76304
1399625,Curitiba,4106902.0,2021-01-19,202103,1948626.0,1933105.0,False,False,76394,3920.4034,2021-01-19,0.0274,2094,314,cidade,PR,90,16,1,19,2021,76394
1400026,Curitiba,4106902.0,2021-01-20,202103,1948626.0,1933105.0,False,False,76468,3924.20095,2021-01-20,0.0275,2100,315,cidade,PR,74,6,1,20,2021,76468
1400427,Curitiba,4106902.0,2021-01-21,202103,1948626.0,1933105.0,False,False,76530,3927.3826799999997,2021-01-21,0.0275,2101,316,cidade,PR,62,1,1,21,2021,76530
1400828,Curitiba,4106902.0,2021-01-22,202103,1948626.0,1933105.0,False,False,76623,3932.15527,2021-01-22,0.0276,2117,317,cidade,PR,93,16,1,22,2021,76623
1401229,Curitiba,4106902.0,2021-01-23,202103,1948626.0,1933105.0,False,False,76680,3935.08041,2021-01-23,0.028,2145,318,cidade,PR,57,28,1,23,2021,76680
1401630,Curitiba,4106902.0,2021-01-24,202104,1948626.0,1933105.0,False,False,76698,3936.00414,2021-01-24,0.0281,2159,319,cidade,PR,18,14,1,24,2021,76698
1402031,Curitiba,4106902.0,2021-01-25,202104,1948626.0,1933105.0,False,False,76729,3937.595,2021-01-25,0.0282,2167,320,cidade,PR,31,8,1,25,2021,76729
1402432,Curitiba,4106902.0,2021-01-26,202104,1948626.0,1933105.0,False,False,76842,3943.3939600000003,2021-01-26,0.0283,2172,321,cidade,PR,113,5,1,26,2021,76842
1402833,Curitiba,4106902.0,2021-01-27,202104,1948626.0,1933105.0,False,False,76906,3946.6783299999997,2021-01-27,0.0285,2188,322,cidade,PR,64,16,1,27,2021,76906
1403234,Curitiba,4106902.0,2021-01-28,202104,1948626.0,1933105.0,False,False,76985,3950.73246,2021-01-28,0.0292,2250,323,cidade,PR,79,62,1,28,2021,76985
1403635,Curitiba,4106902.0,2021-01-29,202104,1948626.0,1933105.0,False,False,77028,3952.93915,2021-01-29,0.0293,2257,324,cidade,PR,43,7,1,29,2021,77028
1404036,Curitiba,4106902.0,2021-01-30,202104,1948626.0,1933105.0,False,False,77108,3957.0446,2021-01-30,0.0294,2269,325,cidade,PR,80,12,1,30,2021,77108
1404437,Curitiba,4106902.0,2021-01-31,202105,1948626.0,1933105.0,False,False,77128,3958.07097,2021-01-31,0.0294,2270,326,cidade,PR,20,1,1,31,2021,77128
1404838,Curitiba,4106902.0,2021-02-01,202105,1948626.0,1933105.0,False,False,77160,3959.71315,2021-02-01,0.0295,2273,327,cidade,PR,32,3,2,1,2021,77160
1405239,Curitiba,4106902.0,2021-02-02,202105,1948626.0,1933105.0,False,False,77286,3966.17925,2021-02-02,0.0295,2281,328,cidade,PR,126,8,2,2,2021,77286
1405640,Curitiba,4106902.0,2021-02-03,202105,1948626.0,1933105.0,False,False,77325,3968.18066,2021-02-03,0.0296,2285,329,cidade,PR,39,4,2,3,2021,77325
1406041,Curitiba,4106902.0,2021-02-04,202105,1948626.0,1933105.0,False,False,77385,3971.25975,2021-02-04,0.0295,2286,330,cidade,PR,60,1,2,4,2021,77385
1406442,Curitiba,4106902.0,2021-02-05,202105,1948626.0,1933105.0,False,False,77429,3973.51775,2021-02-05,0.0297,2297,331,cidade,PR,44,11,2,5,2021,77429
1406843,Curitiba,4106902.0,2021-02-06,202105,1948626.0,1933105.0,False,False,77459,3975.0573,2021-02-06,0.0298,2306,332,cidade,PR,30,9,2,6,2021,77459
1407244,Curitiba,4106902.0,2021-02-07,202106,1948626.0,1933105.0,False,False,77478,3976.0323399999997,2021-02-07,0.0298,2306,333,cidade,PR,19,0,2,7,2021,77478
1407645,Curitiba,4106902.0,2021-02-08,202106,1948626.0,1933105.0,False,False,77490,3976.64816,2021-02-08,0.03,2325,334,cidade,PR,12,19,2,8,2021,77490
1408046,Curitiba,4106902.0,2021-02-09,202106,1948626.0,1933105.0,False,False,77591,3981.8313,2021-02-09,0.0303,2350,335,cidade,PR,101,25,2,9,2021,77591
1408447,Curitiba,4106902.0,2021-02-10,202106,1948626.0,1933105.0,False,False,77622,3983.4221700000003,2021-02-10,0.0303,2354,336,cidade,PR,31,4,2,10,2021,77622
1408848,Curitiba,4106902.0,2021-02-11,202106,1948626.0,1933105.0,False,False,77670,3985.88544,2021-02-11,0.0303,2355,337,cidade,PR,48,1,2,11,2021,77670
1409249,Curitiba,4106902.0,2021-02-12,202106,1948626.0,1933105.0,False,False,77734,3989.1698,2021-02-12,0.0304,2361,338,cidade,PR,64,6,2,12,2021,77734
1409650,Curitiba,4106902.0,2021-02-13,202106,1948626.0,1933105.0,False,False,77792,3992.14626,2021-02-13,0.0305,2372,339,cidade,PR,58,11,2,13,2021,77792
1410051,Curitiba,4106902.0,2021-02-14,202107,1948626.0,1933105.0,False,False,77826,3993.89108,2021-02-14,0.0305,2372,340,cidade,PR,34,0,2,14,2021,77826
1410452,Curitiba,4106902.0,2021-02-15,202107,1948626.0,1933105.0,False,False,77831,3994.1476700000003,2021-02-15,0.0305,2373,341,cidade,PR,5,1,2,15,2021,77831
1410853,Curitiba,4106902.0,2021-02-16,202107,1948626.0,1933105.0,False,False,82354,4226.25994,2021-02-16,0.0292,2402,342,cidade,PR,4523,29,2,16,2021,82354
1411254,Curitiba,4106902.0,2021-02-17,202107,1948626.0,1933105.0,False,False,84040,4312.78244,2021-02-17,0.0288,2421,343,cidade,PR,1686,19,2,17,2021,84040
1411655,Curitiba,4106902.0,2021-02-18,202107,1948626.0,1933105.0,False,False,84079,4314.78385,2021-02-18,0.0289,2432,344,cidade,PR,39,11,2,18,2021,84079
1412056,Curitiba,4106902.0,2021-02-19,202107,1948626.0,1933105.0,False,False,84163,4319.09458,2021-02-19,0.029,2442,345,cidade,PR,84,10,2,19,2021,84163
1412457,Curitiba,4106902.0,2021-02-20,202107,1948626.0,1933105.0,False,False,84218,4321.917079999999,2021-02-20,0.0291,2451,346,cidade,PR,55,9,2,20,2021,84218
1412858,Curitiba,4106902.0,2021-02-21,202108,1948626.0,1933105.0,False,False,84271,4324.63695,2021-02-21,0.0292,2461,347,cidade,PR,53,10,2,21,2021,84271
1413259,Curitiba,4106902.0,2021-02-22,202108,1948626.0,1933105.0,False,False,84309,4326.587039999999,2021-02-22,0.0292,2461,348,cidade,PR,38,0,2,22,2021,84309
1413660,Curitiba,4106902.0,2021-02-23,202108,1948626.0,1933105.0,False,False,84407,4331.61623,2021-02-23,0.0293,2476,349,cidade,PR,98,15,2,23,2021,84407
1414061,Curitiba,4106902.0,2021-02-24,202108,1948626.0,1933105.0,False,False,84597,4341.36669,2021-02-24,0.0294,2487,350,cidade,PR,190,11,2,24,2021,84597
1414462,Curitiba,4106902.0,2021-02-25,202108,1948626.0,1933105.0,False,False,84993,4361.6887,2021-02-25,0.0294,2497,351,cidade,PR,396,10,2,25,2021,84993
1414863,Curitiba,4106902.0,2021-02-26,202108,1948626.0,1933105.0,False,False,85122,4368.30875,2021-02-26,0.0295,2513,352,cidade,PR,129,16,2,26,2021,85122
1415264,Curitiba,4106902.0,2021-02-27,202108,1948626.0,1933105.0,False,False,85517,4388.5794399999995,2021-02-27,0.0296,2530,353,cidade,PR,395,17,2,27,2021,85517
1415665,Curitiba,4106902.0,2021-02-28,202109,1948626.0,1933105.0,False,False,85857,4406.02763,2021-02-28,0.0296,2538,354,cidade,PR,340,8,2,28,2021,85857
1416066,Curitiba,4106902.0,2021-03-01,202109,1948626.0,1933105.0,False,False,86029,4414.85436,2021-03-01,0.0295,2538,355,cidade,PR,172,0,3,1,2021,86029
1416467,Curitiba,4106902.0,2021-03-02,202109,1948626.0,1933105.0,False,False,86171,4422.14155,2021-03-02,0.0297,2556,356,cidade,PR,142,18,3,2,2021,86171
1416868,Curitiba,4106902.0,2021-03-03,202109,1948626.0,1933105.0,False,False,86406,4434.20133,2021-03-03,0.0298,2577,357,cidade,PR,235,21,3,3,2021,86406
1417269,Curitiba,4106902.0,2021-03-04,202109,1948626.0,1933105.0,False,False,86853,4457.1405700000005,2021-03-04,0.0298,2585,358,cidade,PR,447,8,3,4,2021,86853
1417670,Curitiba,4106902.0,2021-03-05,202109,1948626.0,1933105.0,False,False,87261,4478.0784,2021-03-05,0.0298,2602,359,cidade,PR,408,17,3,5,2021,87261
1418071,Curitiba,4106902.0,2021-03-06,202109,1948626.0,1933105.0,False,False,87834,4507.48373,2021-03-06,0.0299,2630,360,cidade,PR,573,28,3,6,2021,87834
1418472,Curitiba,4106902.0,2021-03-07,202110,1948626.0,1933105.0,False,False,128004,6568.93627,2021-03-07,0.0219,2807,361,cidade,PR,40170,177,3,7,2021,128004
1418873,Curitiba,4106902.0,2021-03-08,202110,1948626.0,1933105.0,False,False,128278,6582.9974600000005,2021-03-08,0.0219,2808,362,cidade,PR,274,1,3,8,2021,128278
1419274,Curitiba,4106902.0,2021-03-09,202110,1948626.0,1933105.0,False,False,128371,6587.77005,2021-03-09,0.0219,2809,363,cidade,PR,93,1,3,9,2021,128371
1419675,Curitiba,4106902.0,2021-03-10,202110,1948626.0,1933105.0,False,False,128965,6618.253070000001,2021-03-10,0.0219,2818,364,cidade,PR,594,9,3,10,2021,128965
1420076,Curitiba,4106902.0,2021-03-11,202110,1948626.0,1933105.0,False,False,129294,6635.13676,2021-03-11,0.0218,2820,365,cidade,PR,329,2,3,11,2021,129294
1420477,Curitiba,4106902.0,2021-03-12,202110,1948626.0,1933105.0,False,False,129825,6662.386729999999,2021-03-12,0.0218,2832,366,cidade,PR,531,12,3,12,2021,129825
1420878,Curitiba,4106902.0,2021-03-13,202110,1948626.0,1933105.0,False,False,130380,6690.868329999999,2021-03-13,0.0219,2855,367,cidade,PR,555,23,3,13,2021,130380
1421279,Curitiba,4106902.0,2021-03-14,202111,1948626.0,1933105.0,False,False,130901,6717.60512,2021-03-14,0.022,2878,368,cidade,PR,521,23,3,14,2021,130901
1421680,Curitiba,4106902.0,2021-03-15,202111,1948626.0,1933105.0,False,False,131018,6723.60935,2021-03-15,0.022,2878,369,cidade,PR,117,0,3,15,2021,131018
1422081,Curitiba,4106902.0,2021-03-16,202111,1948626.0,1933105.0,False,False,131349,6740.595679999999,2021-03-16,0.022,2894,370,cidade,PR,331,16,3,16,2021,131349
1422482,Curitiba,4106902.0,2021-03-17,202111,1948626.0,1933105.0,False,False,131777,6762.55988,2021-03-17,0.0223,2943,371,cidade,PR,428,49,3,17,2021,131777
1422883,Curitiba,4106902.0,2021-03-18,202111,1948626.0,1933105.0,False,False,132727,6811.31218,2021-03-18,0.0223,2963,372,cidade,PR,950,20,3,18,2021,132727
1423284,Curitiba,4106902.0,2021-03-19,202111,1948626.0,1933105.0,False,False,133821,6867.4543,2021-03-19,0.0223,2984,373,cidade,PR,1094,21,3,19,2021,133821
1423685,Curitiba,4106902.0,2021-03-20,202111,1948626.0,1933105.0,False,False,134165,6885.107759999999,2021-03-20,0.0224,3001,374,cidade,PR,344,17,3,20,2021,134165
1424086,Curitiba,4106902.0,2021-03-21,202112,1948626.0,1933105.0,False,False,134449,6899.682140000001,2021-03-21,0.0223,3001,375,cidade,PR,284,0,3,21,2021,134449
1424487,Curitiba,4106902.0,2021-03-22,202112,1948626.0,1933105.0,False,False,135012,6928.5742900000005,2021-03-22,0.0222,3001,376,cidade,PR,563,0,3,22,2021,135012
1424888,Curitiba,4106902.0,2021-03-23,202112,1948626.0,1933105.0,False,False,135402,6948.588390000001,2021-03-23,0.0225,3041,377,cidade,PR,390,40,3,23,2021,135402
1425289,Curitiba,4106902.0,2021-03-24,202112,1948626.0,1933105.0,False,False,136232,6991.18251,2021-03-24,0.0225,3068,378,cidade,PR,830,27,3,24,2021,136232
1425690,Curitiba,4106902.0,2021-03-25,202112,1948626.0,1933105.0,False,False,136902,7025.56571,2021-03-25,0.0227,3110,379,cidade,PR,670,42,3,25,2021,136902
1426091,Curitiba,4106902.0,2021-03-26,202112,1948626.0,1933105.0,False,False,137371,7049.63395,2021-03-26,0.0229,3139,380,cidade,PR,469,29,3,26,2021,137371
1426492,Curitiba,4106902.0,2021-03-27,202112,1948626.0,1933105.0,False,False,137888,7076.165459999999,2021-03-27,0.0229,3158,381,cidade,PR,517,19,3,27,2021,137888
1426893,Curitiba,4106902.0,2021-03-28,202113,1948626.0,1933105.0,False,False,138236,7094.0242,2021-03-28,0.0229,3160,382,cidade,PR,348,2,3,28,2021,138236
1427294,Curitiba,4106902.0,2021-03-29,202113,1948626.0,1933105.0,False,False,138484,7106.75112,2021-03-29,0.0229,3166,383,cidade,PR,248,6,3,29,2021,138484
1427695,Curitiba,4106902.0,2021-03-30,202113,1948626.0,1933105.0,False,False,138763,7121.0689,2021-03-30,0.0229,3177,384,cidade,PR,279,11,3,30,2021,138763
1428096,Curitiba,4106902.0,2021-03-31,202113,1948626.0,1933105.0,False,False,138852,7125.63622,2021-03-31,0.023,3187,385,cidade,PR,89,10,3,31,2021,138852
1428497,Curitiba,4106902.0,2021-04-01,202113,1948626.0,1933105.0,False,False,139473,7157.50483,2021-04-01,0.0231,3225,386,cidade,PR,621,38,4,1,2021,139473
1428898,Curitiba,4106902.0,2021-04-02,202113,1948626.0,1933105.0,False,False,140242,7196.96853,2021-04-02,0.0234,3283,387,cidade,PR,769,58,4,2,2021,140242
1429299,Curitiba,4106902.0,2021-04-03,202113,1948626.0,1933105.0,False,False,140414,7205.795259999999,2021-04-03,0.0235,3294,388,cidade,PR,172,11,4,3,2021,140414
1429700,Curitiba,4106902.0,2021-04-04,202114,1948626.0,1933105.0,False,False,140511,7210.77313,2021-04-04,0.0235,3298,389,cidade,PR,97,4,4,4,2021,140511
1430101,Curitiba,4106902.0,2021-04-05,202114,1948626.0,1933105.0,False,False,140575,7214.05749,2021-04-05,0.0235,3299,390,cidade,PR,64,1,4,5,2021,140575
1430502,Curitiba,4106902.0,2021-04-06,202114,1948626.0,1933105.0,False,False,140887,7230.06878,2021-04-06,0.0237,3343,391,cidade,PR,312,44,4,6,2021,140887
1430903,Curitiba,4106902.0,2021-04-07,202114,1948626.0,1933105.0,False,False,141148,7243.4628299999995,2021-04-07,0.0245,3461,392,cidade,PR,261,118,4,7,2021,141148
1431304,Curitiba,4106902.0,2021-04-08,202114,1948626.0,1933105.0,False,False,141410,7256.9082,2021-04-08,0.025,3536,393,cidade,PR,262,75,4,8,2021,141410
1431705,Curitiba,4106902.0,2021-04-09,202114,1948626.0,1933105.0,False,False,141654,7269.429840000001,2021-04-09,0.026,3681,394,cidade,PR,244,145,4,9,2021,141654
1432106,Curitiba,4106902.0,2021-04-10,202114,1948626.0,1933105.0,False,False,141965,7285.38981,2021-04-10,0.0264,3754,395,cidade,PR,311,73,4,10,2021,141965
1432507,Curitiba,4106902.0,2021-04-11,202115,1948626.0,1933105.0,False,False,142060,7290.26504,2021-04-11,0.0264,3757,396,cidade,PR,95,3,4,11,2021,142060
1432908,Curitiba,4106902.0,2021-04-12,202115,1948626.0,1933105.0,False,False,142152,7294.986309999999,2021-04-12,0.0266,3777,397,cidade,PR,92,20,4,12,2021,142152
1433309,Curitiba,4106902.0,2021-04-13,202115,1948626.0,1933105.0,False,False,142581,7317.00183,2021-04-13,0.027,3848,398,cidade,PR,429,71,4,13,2021,142581
1433710,Curitiba,4106902.0,2021-04-14,202115,1948626.0,1933105.0,False,False,142705,7323.36528,2021-04-14,0.0272,3888,399,cidade,PR,124,40,4,14,2021,142705
1434111,Curitiba,4106902.0,2021-04-15,202115,1948626.0,1933105.0,False,False,142829,7329.7287400000005,2021-04-15,0.0276,3937,400,cidade,PR,124,49,4,15,2021,142829
1434512,Curitiba,4106902.0,2021-04-16,202115,1948626.0,1933105.0,False,False,143479,7363.08558,2021-04-16,0.0276,3956,401,cidade,PR,650,19,4,16,2021,143479
1434913,Curitiba,4106902.0,2021-04-17,202115,1948626.0,1933105.0,False,False,143713,7375.094040000001,2021-04-17,0.0276,3971,402,cidade,PR,234,15,4,17,2021,143713
1435314,Curitiba,4106902.0,2021-04-18,202116,1948626.0,1933105.0,False,False,143824,7380.790359999999,2021-04-18,0.0276,3972,403,cidade,PR,111,1,4,18,2021,143824
1435715,Curitiba,4106902.0,2021-04-19,202116,1948626.0,1933105.0,False,False,144150,7397.5201,2021-04-19,0.0276,3978,404,cidade,PR,326,6,4,19,2021,144150
1436116,Curitiba,4106902.0,2021-04-20,202116,1948626.0,1933105.0,False,False,144249,7402.6006,2021-04-20,0.0277,3999,405,cidade,PR,99,21,4,20,2021,144249
1436517,Curitiba,4106902.0,2021-04-21,202116,1948626.0,1933105.0,False,False,144770,7429.337390000001,2021-04-21,0.0278,4027,406,cidade,PR,521,28,4,21,2021,144770
1436918,Curitiba,4106902.0,2021-04-22,202116,1948626.0,1933105.0,False,False,144960,7439.08785,2021-04-22,0.0279,4041,407,cidade,PR,190,14,4,22,2021,144960
1437319,Curitiba,4106902.0,2021-04-23,202116,1948626.0,1933105.0,False,False,145197,7451.2502700000005,2021-04-23,0.0282,4090,408,cidade,PR,237,49,4,23,2021,145197
1437720,Curitiba,4106902.0,2021-04-24,202116,1948626.0,1933105.0,False,False,145561,7469.930090000001,2021-04-24,0.0295,4295,409,cidade,PR,364,205,4,24,2021,145561
1438121,Curitiba,4106902.0,2021-04-25,202117,1948626.0,1933105.0,False,False,145651,7474.5487299999995,2021-04-25,0.0295,4303,410,cidade,PR,90,8,4,25,2021,145651
1438522,Curitiba,4106902.0,2021-04-26,202117,1948626.0,1933105.0,False,False,145699,7477.0120099999995,2021-04-26,0.0296,4306,411,cidade,PR,48,3,4,26,2021,145699
1438923,Curitiba,4106902.0,2021-04-27,202117,1948626.0,1933105.0,False,False,145908,7487.737509999999,2021-04-27,0.0297,4335,412,cidade,PR,209,29,4,27,2021,145908
1439324,Curitiba,4106902.0,2021-04-28,202117,1948626.0,1933105.0,False,False,146118,7498.514340000001,2021-04-28,0.0301,4393,413,cidade,PR,210,58,4,28,2021,146118
1439725,Curitiba,4106902.0,2021-04-29,202117,1948626.0,1933105.0,False,False,146394,7512.6781599999995,2021-04-29,0.0305,4461,414,cidade,PR,276,68,4,29,2021,146394
1440126,Curitiba,4106902.0,2021-04-30,202117,1948626.0,1933105.0,False,False,146642,7525.4050799999995,2021-04-30,0.0306,4487,415,cidade,PR,248,26,4,30,2021,146642
1440527,Curitiba,4106902.0,2021-05-01,202117,1948626.0,1933105.0,False,False,146854,7536.284540000001,2021-05-01,0.0309,4535,416,cidade,PR,212,48,5,1,2021,146854
1440928,Curitiba,4106902.0,2021-05-02,202118,1948626.0,1933105.0,False,False,147093,7548.5495900000005,2021-05-02,0.0309,4544,417,cidade,PR,239,9,5,2,2021,147093
1441329,Curitiba,4106902.0,2021-05-03,202118,1948626.0,1933105.0,False,False,147133,7550.60232,2021-05-03,0.0309,4551,418,cidade,PR,40,7,5,3,2021,147133
1441730,Curitiba,4106902.0,2021-05-04,202118,1948626.0,1933105.0,False,False,147445,7566.6136,2021-05-04,0.0313,4620,419,cidade,PR,312,69,5,4,2021,147445
1442131,Curitiba,4106902.0,2021-05-05,202118,1948626.0,1933105.0,False,False,147830,7586.371109999999,2021-05-05,0.0318,4706,420,cidade,PR,385,86,5,5,2021,147830
1442532,Curitiba,4106902.0,2021-05-06,202118,1948626.0,1933105.0,False,False,148153,7602.9469,2021-05-06,0.0324,4795,421,cidade,PR,323,89,5,6,2021,148153
1442933,Curitiba,4106902.0,2021-05-07,202118,1948626.0,1933105.0,False,False,148411,7616.187,2021-05-07,0.0324,4814,422,cidade,PR,258,19,5,7,2021,148411
1443334,Curitiba,4106902.0,2021-05-08,202118,1948626.0,1933105.0,False,False,149600,7677.20435,2021-05-08,0.0323,4838,423,cidade,PR,1189,24,5,8,2021,149600
1443735,Curitiba,4106902.0,2021-05-09,202119,1948626.0,1933105.0,False,False,149759,7685.36394,2021-05-09,0.0323,4840,424,cidade,PR,159,2,5,9,2021,149759
1444136,Curitiba,4106902.0,2021-05-10,202119,1948626.0,1933105.0,False,False,149997,7697.577679999999,2021-05-10,0.0324,4867,425,cidade,PR,238,27,5,10,2021,149997
1444537,Curitiba,4106902.0,2021-05-11,202119,1948626.0,1933105.0,False,False,150161,7705.99386,2021-05-11,0.0324,4860,426,cidade,PR,164,-7,5,11,2021,150161
1444938,Curitiba,4106902.0,2021-05-12,202119,1948626.0,1933105.0,False,False,150419,7719.23396,2021-05-12,0.0323,4854,427,cidade,PR,258,-6,5,12,2021,150419
1445339,Curitiba,4106902.0,2021-05-13,202119,1948626.0,1933105.0,False,False,150671,7732.16615,2021-05-13,0.0323,4872,428,cidade,PR,252,18,5,13,2021,150671
1445740,Curitiba,4106902.0,2021-05-14,202119,1948626.0,1933105.0,False,False,152443,7823.10202,2021-05-14,0.032,4884,429,cidade,PR,1772,12,5,14,2021,152443
1446141,Curitiba,4106902.0,2021-05-15,202119,1948626.0,1933105.0,False,False,152833,7843.116120000001,2021-05-15,0.0324,4951,430,cidade,PR,390,67,5,15,2021,152833
1446542,Curitiba,4106902.0,2021-05-16,202120,1948626.0,1933105.0,False,False,153363,7870.31478,2021-05-16,0.0323,4958,431,cidade,PR,530,7,5,16,2021,153363
1446943,Curitiba,4106902.0,2021-05-17,202120,1948626.0,1933105.0,False,False,153420,7873.239909999999,2021-05-17,0.0323,4959,432,cidade,PR,57,1,5,17,2021,153420
1447344,Curitiba,4106902.0,2021-05-18,202120,1948626.0,1933105.0,False,False,153623,7883.657509999999,2021-05-18,0.0323,4964,433,cidade,PR,203,5,5,18,2021,153623
1447745,Curitiba,4106902.0,2021-05-19,202120,1948626.0,1933105.0,False,False,154370,7921.992209999999,2021-05-19,0.0323,4992,434,cidade,PR,747,28,5,19,2021,154370
1448146,Curitiba,4106902.0,2021-05-20,202120,1948626.0,1933105.0,False,False,155039,7956.3241,2021-05-20,0.0323,5007,435,cidade,PR,669,15,5,20,2021,155039
1448547,Curitiba,4106902.0,2021-05-21,202120,1948626.0,1933105.0,False,False,155509,7980.443659999999,2021-05-21,0.0323,5030,436,cidade,PR,470,23,5,21,2021,155509
1448948,Curitiba,4106902.0,2021-05-22,202120,1948626.0,1933105.0,False,False,155966,8003.8960799999995,2021-05-22,0.0323,5032,437,cidade,PR,457,2,5,22,2021,155966
1449349,Curitiba,4106902.0,2021-05-23,202121,1948626.0,1933105.0,False,False,156050,8008.20681,2021-05-23,0.0323,5033,438,cidade,PR,84,1,5,23,2021,156050
1449750,Curitiba,4106902.0,2021-05-24,202121,1948626.0,1933105.0,False,False,156070,8009.23317,2021-05-24,0.0322,5033,439,cidade,PR,20,0,5,24,2021,156070
1450151,Curitiba,4106902.0,2021-05-25,202121,1948626.0,1933105.0,False,False,156360,8024.11545,2021-05-25,0.0322,5036,440,cidade,PR,290,3,5,25,2021,156360
1450552,Curitiba,4106902.0,2021-05-26,202121,1948626.0,1933105.0,False,False,157203,8067.37671,2021-05-26,0.032,5037,441,cidade,PR,843,1,5,26,2021,157203
1450953,Curitiba,4106902.0,2021-05-27,202121,1948626.0,1933105.0,False,False,157839,8100.015090000001,2021-05-27,0.0321,5072,442,cidade,PR,636,35,5,27,2021,157839
1451354,Curitiba,4106902.0,2021-05-28,202121,1948626.0,1933105.0,False,False,158140,8115.46187,2021-05-28,0.0321,5076,443,cidade,PR,301,4,5,28,2021,158140
1451755,Curitiba,4106902.0,2021-05-29,202121,1948626.0,1933105.0,False,False,158622,8140.19725,2021-05-29,0.0326,5167,444,cidade,PR,482,91,5,29,2021,158622
1452156,Curitiba,4106902.0,2021-05-30,202122,1948626.0,1933105.0,False,False,158717,8145.07248,2021-05-30,0.0326,5167,445,cidade,PR,95,0,5,30,2021,158717
1452557,Curitiba,4106902.0,2021-05-31,202122,1948626.0,1933105.0,False,False,158720,8145.22643,2021-05-31,0.0326,5167,446,cidade,PR,3,0,5,31,2021,158720
1452958,Curitiba,4106902.0,2021-06-01,202122,1948626.0,1933105.0,False,False,158840,8151.384620000001,2021-06-01,0.0327,5190,447,cidade,PR,120,23,6,1,2021,158840
1453359,Curitiba,4106902.0,2021-06-02,202122,1948626.0,1933105.0,False,False,158954,8157.234890000001,2021-06-02,0.0327,5197,448,cidade,PR,114,7,6,2,2021,158954
1453760,Curitiba,4106902.0,2021-06-03,202122,1948626.0,1933105.0,False,False,159094,8164.419440000001,2021-06-03,0.0328,5216,449,cidade,PR,140,19,6,3,2021,159094
1454161,Curitiba,4106902.0,2021-06-04,202122,1948626.0,1933105.0,False,False,159150,8167.2932599999995,2021-06-04,0.0328,5216,450,cidade,PR,56,0,6,4,2021,159150
1454562,Curitiba,4106902.0,2021-06-05,202122,1948626.0,1933105.0,False,False,159310,8175.50418,2021-06-05,0.0327,5217,451,cidade,PR,160,1,6,5,2021,159310
1454963,Curitiba,4106902.0,2021-06-06,202123,1948626.0,1933105.0,False,False,159384,8179.30172,2021-06-06,0.0327,5217,452,cidade,PR,74,0,6,6,2021,159384
1455364,Curitiba,4106902.0,2021-06-07,202123,1948626.0,1933105.0,False,False,159405,8180.37941,2021-06-07,0.0328,5233,453,cidade,PR,21,16,6,7,2021,159405
1455765,Curitiba,4106902.0,2021-06-08,202123,1948626.0,1933105.0,False,False,161504,8288.09633,2021-06-08,0.0326,5267,454,cidade,PR,2099,34,6,8,2021,161504
1456166,Curitiba,4106902.0,2021-06-09,202123,1948626.0,1933105.0,False,False,162082,8317.758259999999,2021-06-09,0.0325,5271,455,cidade,PR,578,4,6,9,2021,162082
1456567,Curitiba,4106902.0,2021-06-10,202123,1948626.0,1933105.0,False,False,162425,8335.3604,2021-06-10,0.0327,5316,456,cidade,PR,343,45,6,10,2021,162425
1456968,Curitiba,4106902.0,2021-06-11,202123,1948626.0,1933105.0,False,False,162943,8361.94324,2021-06-11,0.0327,5327,457,cidade,PR,518,11,6,11,2021,162943
1457369,Curitiba,4106902.0,2021-06-12,202123,1948626.0,1933105.0,False,False,163279,8379.18615,2021-06-12,0.0328,5360,458,cidade,PR,336,33,6,12,2021,163279
1457770,Curitiba,4106902.0,2021-06-13,202124,1948626.0,1933105.0,False,False,163548,8392.99075,2021-06-13,0.0329,5373,459,cidade,PR,269,13,6,13,2021,163548
1458171,Curitiba,4106902.0,2021-06-14,202124,1948626.0,1933105.0,False,False,163646,8398.01994,2021-06-14,0.0329,5388,460,cidade,PR,98,15,6,14,2021,163646
1458572,Curitiba,4106902.0,2021-06-15,202124,1948626.0,1933105.0,False,False,164038,8418.13668,2021-06-15,0.0332,5453,461,cidade,PR,392,65,6,15,2021,164038
1458973,Curitiba,4106902.0,2021-06-16,202124,1948626.0,1933105.0,False,False,164445,8439.02319,2021-06-16,0.0334,5491,462,cidade,PR,407,38,6,16,2021,164445
1459374,Curitiba,4106902.0,2021-06-17,202124,1948626.0,1933105.0,False,False,164686,8451.390879999999,2021-06-17,0.0337,5548,463,cidade,PR,241,57,6,17,2021,164686
1459775,Curitiba,4106902.0,2021-06-18,202124,1948626.0,1933105.0,True,False,165186,8477.04998,2021-06-18,0.0341,5629,464,cidade,PR,500,81,6,18,2021,165186
